frame,time_s,status,wrist_x,wrist_y,wrist_z,shoulder_vis,elbow_vis,wrist_vis,shoulder_yaw,shoulder_pitch,elbow_flex,torso_yaw,torso_ok,target_j1,target_j2,target_j3,target_j4,target_j5,target_j6,actual_j1,actual_j2,actual_j3,actual_j4,actual_j5,actual_j6
0,1768672032.19011,Pose: holding,0.0051409900188446045,1.681909203529358,-1.069947600364685,0.9995899796485901,0.5724368691444397,0.03892950713634491,nan,nan,nan,nan,0,0.0,1.0,-1.5,0.0,0.0,0.0,-6.918639765348326e-05,0.8629963400602366,-1.4114118655219345,0.00158952834302378,0.07014636091317779,0.001855036836893595
5,1768672032.405377,Pose: holding,0.02756587602198124,1.706795334815979,-1.0694862604141235,0.9994754791259766,0.6455863118171692,0.048770129680633545,nan,nan,nan,nan,0,0.0,1.0,-1.5,0.0,0.0,0.0,-0.0007298035345444138,0.29405123152073176,-1.3749784244420042,0.00725244303856139,0.13080110108424794,0.010883593812372003
10,1768672032.612169,Pose: holding,0.030029643326997757,1.7426223754882812,-1.202680230140686,0.9994370937347412,0.6928628087043762,0.058263443410396576,nan,nan,nan,nan,0,0.0,1.0,-1.5,0.0,0.0,0.0,-0.0008847293213108039,0.1944506501577675,-1.4052752425795945,0.005446402520742159,0.09715708575158039,0.008394327403113955
15,1768672032.789922,Pose: holding,0.03488712012767792,1.7394113540649414,-1.1259485483169556,0.9993889927864075,0.7101689577102661,0.06367381662130356,nan,nan,nan,nan,0,0.0,1.0,-1.5,0.0,0.0,0.0,-0.0009998809309132437,0.1767219075727404,-1.4263292691754512,0.004108662073874052,0.0728850525541515,0.006476369612647129
20,1768672032.964291,Pose: holding,0.026442090049386024,1.705777645111084,-0.8817893862724304,0.9994434118270874,0.7026785612106323,0.05938819795846939,nan,nan,nan,nan,0,0.0,1.0,-1.5,0.0,0.0,0.0,-0.001113029272724368,0.17344601648984997,-1.4423468989204307,0.003099730865643778,0.05478640969025005,0.004996827411953592
25,1768672033.142127,Pose: holding,-0.001935663865879178,1.6404376029968262,-1.01394784450531,0.9994055032730103,0.7097256779670715,0.0582125298678875,nan,nan,nan,nan,0,0.0,1.0,-1.5,0.0,0.0,0.0,-0.0012254378623146314,0.1728510262299102,-1.4547721359394636,0.002340009444327779,0.04119379409135453,0.0038559525541521263
30,1768672033.3217359,Pose: holding,0.02153841033577919,1.604161262512207,-1.5618116855621338,0.999369740486145,0.6972211599349976,0.06862876564264297,nan,nan,nan,nan,0,0.0,1.0,-1.5,0.0,0.0,0.0,-0.001337554694309429,0.172754606250279,-1.4644558718543716,0.0017662395048001812,0.030967894789064976,0.002975743205623749
35,1768672033.498889,Pose: holding,-0.0047216215170919895,1.6518173217773438,-0.9262512922286987,0.9991732835769653,0.6132200956344604,0.05917320400476456,nan,nan,nan,nan,0,0.0,1.0,-1.5,0.0,0.0,0.0,-0.0014493494408121903,0.17274884495168877,-1.4720119389216806,0.0013329578773555123,0.023271851010363914,0.0022963994306570592
40,1768672033.672331,Pose: holding,0.0009847342735156417,1.713945984840393,-0.6700707674026489,0.9994058609008789,0.5140572786331177,0.05312480032444,nan,nan,nan,nan,0,0.0,1.0,-1.5,0.0,0.0,0.0,-0.0015607829433161716,0.1727578943229289,-1.4779096895822927,0.0010058629610324849,0.01747955605655613,0.0017721166904003717
45,1768672033.8839948,Pose: holding,0.1697607785463333,0.7880465984344482,-1.205376386642456,0.9990684390068054,0.49860262870788574,0.17518238723278046,nan,nan,nan,nan,0,0.0,1.0,-1.5,0.0,0.0,0.0,-0.0016718846169232954,0.1727680128729285,-1.4825135513239658,0.0007588730194850927,0.013120307390768155,0.00136748490624681
50,1768672034.0569038,Pose: holding,0.022476332262158394,1.623456358909607,-0.9125171303749084,0.9982904195785522,0.47064030170440674,0.2676827907562256,nan,nan,nan,nan,0,0.0,1.0,-1.5,0.0,0.0,0.0,-0.001782642509818455,0.17277699380356742,-1.4861075872116876,0.0005723875588733924,0.009839802179405659,0.0010551957641791864
55,1768672034.239003,Pose: holding,-0.0005140681168995798,1.677125334739685,-0.703281044960022,0.9988473057746887,0.42628151178359985,0.1813400536775589,nan,nan,nan,nan,0,0.0,1.0,-1.5,0.0,0.0,0.0,-0.0018930558130902738,0.1727847167263603,-1.4889134140341111,0.0004315876316323088,0.007371296248025686,0.0008141749860186146
60,1768672034.414277,Pose: holding,-0.01557076908648014,1.668569803237915,-1.3627009391784668,0.9991268515586853,0.46737080812454224,0.15281885862350464,nan,nan,nan,nan,0,0.0,1.0,-1.5,0.0,0.0,0.0,-0.002003123684088546,0.17279138835520194,-1.4911039785495728,0.00032528364322917223,0.005513961784119337,0.0006281578436820461
65,1768672034.5991712,Pose: holding,-0.020527401939034462,1.693818211555481,-1.4682255983352661,0.9990088939666748,0.4869181215763092,0.1630183309316635,nan,nan,nan,nan,0,0.0,1.0,-1.5,0.0,0.0,0.0,-0.0021128457014430863,0.17279722675380207,-1.4928142590116245,0.0002450260792669744,0.0041166058654592995,0.0004845916249924213
70,1768672034.772774,Pose: holding,-0.025040065869688988,1.6745878458023071,-0.8785062432289124,0.9992105960845947,0.5019066333770752,0.16234514117240906,nan,nan,nan,nan,0,0.0,1.0,-1.5,0.0,0.0,0.0,-0.00222222178523632,0.17280241274947825,-1.4941496066673845,0.000184434631574826,0.003065410464566682,0.0003737884279526036
75,1768672034.945916,Pose: holding,-0.01408479269593954,1.660556435585022,-0.8557195663452148,0.9992392063140869,0.5102658271789551,0.14591282606124878,nan,nan,nan,nan,0,0.0,1.0,-1.5,0.0,0.0,0.0,-0.002331252119593296,0.1728070893089085,-1.4951922525262509,0.00013869156672841474,0.002274699363732655,0.00028827132421467685
80,1768672035.120597,Pose: holding,-0.0292610302567482,1.6931413412094116,-0.8591958284378052,0.9994269013404846,0.4655175507068634,0.100322425365448,nan,nan,nan,nan,0,0.0,1.0,-1.5,0.0,0.0,0.0,-0.002439937092650314,0.17281136814637962,-1.4960063840539821,0.000104159117761913,0.0016799847263641349,0.00022226975436397402
85,1768672035.297647,Pose: holding,0.017117498442530632,1.6174283027648926,-0.7280593514442444,0.9995983839035034,0.44959232211112976,0.08550447225570679,nan,nan,nan,nan,0,0.0,1.0,-1.5,0.0,0.0,0.0,-0.002548277250442634,0.17281533626366358,-1.4966421064493878,7.80905432333487e-05,0.0012327307258259606,0.00017133009224302743
90,1768672035.473566,Pose: holding,0.1498454213142395,1.4118999242782593,-1.471038579940796,0.9993501901626587,0.4645889103412628,0.21444088220596313,nan,nan,nan,nan,0,0.0,1.0,-1.5,0.0,0.0,0.0,-0.00265627326080092,0.1728190613365303,-1.4971385337570986,5.84119267864604e-05,0.0008964104529190924,0.00013201509135212427
95,1768672035.650607,Pose: tracking,0.21180377900600433,0.865985631942749,-2.0722737312316895,0.9991174936294556,0.5407931804656982,0.4424380958080292,-0.23330973431469043,-0.546317260387678,0.9266756971213952,0.1404089650174456,0,0.19540466409227325,2.0378351903869305,-1.0169972036631165,0.0,0.0,0.0,-0.0026331125426869804,0.2015469817982642,-1.4426060139242736,2.634997733097834e-05,-0.00039172488760317063,9.273474903543108e-05
100,1768672035.831722,Pose: tracking,-0.015105324797332287,1.6154955625534058,-0.5735315084457397,0.999224841594696,0.48783040046691895,0.33629900217056274,-1.8761999506511182,-1.8822287931518027,1.0506498999196316,0.023908480679805555,0,0.0464321059060739,3.1290945126641176,-1.1548601807284622,0.0,0.0,0.0,-0.0028523544110155047,0.2782101076351685,-1.3793981308162098,1.923875548731632e-05,-0.0003123214425716005,7.158214544608076e-05
105,1768672036.00393,Pose: holding,-0.01973823457956314,1.646569848060608,-1.1655669212341309,0.9991050958633423,0.5044934153556824,0.21453659236431122,nan,nan,nan,nan,0,0.07032698269639213,3.1372736281660294,-1.1264234165759146,0.0,0.0,0.0,-0.0030792414462683594,0.2896879286571922,-1.3535310130839469,-0.001589276192467819,-0.027767443873529668,-0.0021769046093519815
110,1768672036.185622,Pose: holding,-0.004446057602763176,1.6578301191329956,-1.6724345684051514,0.9990243911743164,0.6044541001319885,0.23179425299167633,nan,nan,nan,nan,0,0.07032698269639213,3.1372736281660294,-1.1264234165759146,0.0,0.0,0.0,-0.0033122666229019777,0.2928985357661171,-1.3321832816096444,-0.002823921143370712,-0.04897021848842946,-0.004165781884733036
115,1768672036.358294,Pose: holding,0.008730304427444935,1.6392326354980469,-1.352108120918274,0.9990143775939941,0.6655834913253784,0.23602882027626038,nan,nan,nan,nan,0,0.07032698269639213,3.1372736281660294,-1.1264234165759146,0.0,0.0,0.0,-0.0036156899760548342,0.3023958003581686,-1.29347299190605,-0.0024062321433249846,-0.04276517857055976,-0.0036929335738552383
120,1768672036.535975,Pose: holding,0.02285948023200035,1.5939865112304688,-1.351074457168579,0.9986639618873596,0.6581107974052429,0.20554757118225098,nan,nan,nan,nan,0,0.07032698269639213,3.1372736281660294,-1.1264234165759146,0.0,0.0,0.0,-0.003946384085589243,0.3048758085587737,-1.258623152614492,-0.001825582546884887,-0.03269606895296833,-0.002854019136718193
125,1768672036.71347,Pose: holding,0.041842520236968994,1.5915709733963013,-1.3266664743423462,0.9982525110244751,0.6422904133796692,0.2015344798564911,nan,nan,nan,nan,0,0.07032698269639213,3.1372736281660294,-1.1264234165759146,0.0,0.0,0.0,-0.004279940213843149,0.30523092390909673,-1.2314540590988399,-0.0013882185733821396,-0.025181630021551545,-0.002206695920543379
130,1768672036.889224,Pose: holding,0.036893706768751144,1.5884896516799927,-1.221811056137085,0.9979919195175171,0.6535078883171082,0.18920616805553436,nan,nan,nan,nan,0,0.07032698269639213,3.1372736281660294,-1.1264234165759146,0.0,0.0,0.0,-0.0046139805993939634,0.30527750881941434,-1.2102321458726408,-0.001058529121469099,-0.019558100995669337,-0.0017073365117822935
135,1768672037.0645509,Pose: holding,0.009543790481984615,1.5860103368759155,-1.5474807024002075,0.9984579682350159,0.6683473587036133,0.1825963407754898,nan,nan,nan,nan,0,0.07032698269639213,3.1372736281660294,-1.1264234165759146,0.0,0.0,0.0,-0.0049481771132805635,0.30528327885640544,-1.1936490276638516,-0.0008099743603306661,-0.01534807659552431,-0.0013221070767404008
140,1768672037.243257,Pose: holding,-0.01796017959713936,1.6770535707473755,-1.0100408792495728,0.9988771080970764,0.6718635559082031,0.16358034312725067,nan,nan,nan,nan,0,0.07032698269639213,3.1372736281660294,-1.1264234165759146,0.0,0.0,0.0,-0.005282498967690149,0.3052867228980042,-1.180689357341388,-0.000622597839937549,-0.012196691861362692,-0.001024920302336697
145,1768672037.417472,Pose: holding,0.009794372133910656,1.6771066188812256,-0.9066280126571655,0.9992440342903137,0.573606550693512,0.11794910579919815,nan,nan,nan,nan,0,0.07032698269639213,3.1372736281660294,-1.1264234165759146,0.0,0.0,0.0,-0.005616956699947881,0.30529266431772323,-1.170560926990168,-0.00048134916946916483,-0.00983834890709842,-0.0007956530435745426
150,1768672037.595171,Pose: holding,0.015388919971883297,1.591759443283081,-0.524535596370697,0.9992344975471497,0.4581757187843323,0.08745089918375015,nan,nan,nan,nan,0,0.07032698269639213,3.1372736281660294,-1.1264234165759146,0.0,0.0,0.0,-0.0059515633031508655,0.30530115646694855,-1.1626449593417245,-0.00037488004092207347,-0.008074011765949378,-0.0006187826542963875
155,1768672037.775018,Pose: holding,0.05490567162632942,0.5661829710006714,-0.7289310097694397,0.997015118598938,0.464092493057251,0.21444033086299896,nan,nan,nan,nan,0,0.07032698269639213,3.1372736281660294,-1.1264234165759146,0.0,0.0,0.0,-0.006286329549779637,0.30531170854248585,-1.1564580100642659,-0.0002946327354917224,-0.006754504112536854,-0.0004823343212934361
160,1768672037.949016,Pose: tracking,0.13629478216171265,0.27730050683021545,-1.1220970153808594,0.9966751933097839,0.657243549823761,0.47664687037467957,-0.25290688630848684,0.19723254366186546,0.9457883827153313,0.004378007522434224,0,-0.0774929958631635,1.5372736281660297,-1.1405175521940025,0.0,0.0,0.0,-0.007799216322599069,0.26001090717498904,-1.1889762340800725,-0.0002267391139617671,-0.0053108614799601515,-0.0003726509015923703
165,1768672038.125867,Pose: tracking,-0.050273310393095016,1.332825779914856,-1.1034716367721558,0.9965686798095703,0.5181781053543091,0.40445250272750854,0.04703486012832935,-0.6589895452813107,0.565642789689504,-0.3558361321466459,0,-0.5689592825698135,2.3015702062167835,-0.6427128402878817,0.0,0.0,0.0,-0.010088381721688423,0.25548044224864386,-1.0830309086544174,-0.00019966911493069149,-0.005651406141938261,-0.00030196443551852413
170,1768672038.3037288,Pose: tracking,-0.09507527947425842,1.3862276077270508,-1.4869970083236694,0.9974519610404968,0.5636271238327026,0.398250013589859,-0.6655908056703367,-1.234317971696883,0.43572155576555804,0.30249642793924614,0,0.42372278239794875,2.7181742402369227,-0.46283853329306024,0.0,0.0,0.0,-0.010316786762038361,0.26454737165922504,-0.9531152066451191,-0.00016517324012620794,-0.00517452532777392,-0.00023936167279595973
175,1768672038.4806678,Pose: tracking,-0.08607900887727737,1.4358880519866943,-1.4802979230880737,0.9979876279830933,0.5865631103515625,0.35097959637641907,-0.7523274854881211,-1.432991778571373,0.2664826024706808,0.5336257693217168,0,0.7902784126164368,3.016057180443964,-0.32371855515253284,0.0,0.0,0.0,-0.008567444173520093,0.29328299935503604,-0.8519763519879385,-0.00013983261726588714,-0.004802443559469506,-0.00019063930387572516
180,1768672038.658448,Pose: tracking,0.09083976596593857,0.7358054518699646,-1.558298945426941,0.9966112971305847,0.7060403823852539,0.5931177735328674,-0.4286401300864248,-0.20097706803533866,0.4319304533067543,0.2979200237147668,0,0.5085493348571966,1.8391521332444605,-0.4838278657695374,0.0,0.0,0.0,-0.006184607031862669,0.26015570148248823,-0.7644600306117171,-0.00011498934923403777,-0.004144121403403186,-0.00014973792371845252
185,1768672038.8341398,Pose: tracking,-0.04165652021765709,1.0039867162704468,-1.4757726192474365,0.9955360889434814,0.7586944103240967,0.737355649471283,-0.5775197875379205,-0.5127158864414681,0.2835419720446053,0.4122871870806568,0,0.6076334028155568,2.0595137733725126,-0.3256442213531022,0.0,0.0,0.0,-0.00427418217550381,0.23800334861369624,-0.6932499827531817,-0.00011019274334001761,-0.004497706157808614,-0.00012585685363777227
190,1768672039.010536,Pose: tracking,0.07019636034965515,0.8277603983879089,-1.6557459831237793,0.9934426546096802,0.7824536561965942,0.8021286725997925,-0.5054539086618438,-0.2964061440720291,0.4498715183011748,0.33984106538084413,0,0.5181784170077834,1.8924317416533356,-0.4744117453845136,0.0,0.0,0.0,-0.0022436719474986473,0.240842133219175,-0.6306519339481216,-9.780071122088017e-05,-0.004230684057090775,-0.00010267674062847147
195,1768672039.187092,Pose: tracking,-0.03707321360707283,1.0816962718963623,-1.8701212406158447,0.9948833584785461,0.7444707155227661,0.796911895275116,-0.5146527540694232,-0.43365224367599775,0.30618263629638287,0.35052314412045904,0,0.4964011014063512,2.0060259716216624,-0.3534501386054016,0.0,0.0,0.0,-0.0006741848740998344,0.23816403430694963,-0.5789629642451758,-9.552158080923768e-05,-0.004454033171539823,-8.82537278888255e-05
200,1768672039.363533,Pose: tracking,-0.08888658881187439,1.1712416410446167,-1.594655990600586,0.9963839054107666,0.767206609249115,0.7762048244476318,-0.49259528166950767,-0.5152548884928914,0.3571211236564622,0.2115456261160229,0,0.3234887882220054,2.1021558513788237,-0.39447223660070085,0.0,0.0,0.0,0.0011566197618765727,0.2449585771183699,-0.5298057074370116,-9.12501907331125e-05,-0.0044653381237806135,-7.582635815850518e-05
205,1768672039.543911,Pose: tracking,-0.009397109039127827,1.0358271598815918,-2.026723861694336,0.9971308708190918,0.7867344617843628,0.7654351592063904,-0.30968074748133406,-0.193013174933841,0.3024671478694301,0.1714686215318979,0,0.358457469473344,1.838805654907305,-0.3149260993762243,0.0,0.0,0.0,0.0027172188228901007,0.23870877206547705,-0.4881279374990303,-9.075896830071508e-05,-0.004647228945781402,-6.749825309124987e-05
210,1768672039.714467,Pose: tracking,-0.04966987296938896,1.0705746412277222,-2.173092842102051,0.9974820017814636,0.786837637424469,0.752007246017456,-0.5228400404944122,-0.49918880329727794,0.3459082568557257,0.35386604091957397,0,0.5747935859355704,2.12822043507495,-0.36828924140586516,0.0,0.0,0.0,0.00382756267141487,0.2404332899779226,-0.46855823980745964,-8.985141974503604e-05,-0.004758229678717044,-6.09548215823321e-05
215,1768672039.9004369,Pose: tracking,-0.05513311177492142,0.8779633641242981,-1.2713582515716553,0.997061014175415,0.7796460390090942,0.7616865634918213,-0.008407075654687002,-0.30723744782940726,0.49994088721780283,-0.23106045110007956,0,-0.13864732933323215,1.8715908844503164,-0.5229255196231493,0.0,0.0,0.0,0.005050726764953222,0.23515660010873451,-0.45287155265879997,-8.547136725259618e-05,-0.00458793820094098,-5.364624148333018e-05
220,1768672040.073343,Pose: tracking,-0.0788680836558342,1.228684663772583,-2.168422222137451,0.9976392388343811,0.7960158586502075,0.7378629446029663,-0.6569609181621245,-0.8493500625051702,0.2375558288586661,0.5283882329278651,0,0.7596658776510052,2.3737786685876574,-0.2594555840372042,0.0,0.0,0.0,0.005937122184746012,0.24857023052566743,-0.43236000600620955,-9.232078696178489e-05,-0.005118257762329228,-5.3720132776439156e-05
225,1768672040.551235,Pose: tracking,-0.005951051600277424,1.1448338031768799,-1.9982224702835083,0.9978654384613037,0.7966713905334473,0.7396199703216553,-0.41682187542707505,-0.4586901239014831,0.3606468049534888,0.28334631021467227,0,0.5137095537095103,2.100087057832995,-0.3899375424179358,0.0,0.0,0.0,0.008594921549393987,0.253478487144234,-0.4211342100983613,-8.814351179338752e-05,-0.004930533470488295,-4.836768522284161e-05
230,1768672040.814637,Pose: tracking,0.10469824820756912,0.9088696241378784,-1.6977362632751465,0.9972996711730957,0.7853773832321167,0.7616997957229614,-0.5041842410318851,-0.502308342789196,0.4822180770354798,0.4606117074684368,0,0.6805374697928264,2.096201028469938,-0.4936604095090725,0.0,0.0,0.0,0.011495029033773379,0.24812828651141744,-0.41395239031939096,-8.689707041686244e-05,-0.004907493222385807,-4.556993595383833e-05
235,1768672040.989836,Pose: tracking,-0.11592508107423782,1.095725655555725,-1.5990608930587769,0.9976359009742737,0.7767620086669922,0.7873300313949585,-0.30343153381522325,-0.35382962574473537,0.3316369057999786,0.10446928671147004,0,0.12654885434033658,1.9465490799291003,-0.39705210771981236,0.0,0.0,0.0,0.013273802944584011,0.24277800711578026,-0.4221331998995597,-8.930100462197569e-05,-0.005061267980326114,-4.463782345840025e-05
240,1768672041.167479,Pose: tracking,-0.0712147131562233,1.1418837308883667,-1.5208070278167725,0.9974252581596375,0.775383472442627,0.7877246737480164,-0.5040533145463085,-0.5401289318344004,0.33900693900673273,0.28709871693064337,0,0.4645793527406634,2.1182245769271004,-0.3569517718505153,0.0,0.0,0.0,0.014146330516070076,0.24755951509716756,-0.4118698138130795,-9.179650376827456e-05,-0.005243671462872598,-4.4973564610827524e-05
245,1768672041.344245,Pose: tracking,-0.06521357595920563,1.1677159070968628,-1.742040991783142,0.996367335319519,0.7737679481506348,0.7762904167175293,-0.6101513562552844,-0.7152159045147785,0.3100714751575482,0.42446319955833167,0,0.6208463551332084,2.344188230555188,-0.3237475681367856,0.0,0.0,0.0,0.014165617805793866,0.2662987513709398,-0.3997041257654584,-9.249688865626456e-05,-0.00530773337476681,-4.4340878755461856e-05
250,1768672041.521714,Pose: tracking,0.03572160750627518,0.7161879539489746,-1.4786980152130127,0.9962912201881409,0.7692064642906189,0.7941182851791382,-0.4304925304243951,-0.2572267727649122,0.5484495697484704,0.25717353459005765,0,0.37821640888498653,1.9083977393816058,-0.5546803306266496,0.0,0.0,0.0,0.01417580234694743,0.25595280538923937,-0.40837844056372047,-8.685503481372694e-05,-0.004986630919107921,-4.032965183269048e-05
255,1768672041.698377,Pose: tracking,-0.0015334819909185171,0.6462693810462952,-1.6695209741592407,0.993755578994751,0.7917920351028442,0.850052535533905,-0.3729031883354267,-0.13539949195429885,0.4369850192624054,0.19056805220877937,0,0.35523637421148446,1.739484177565146,-0.4536078919324963,0.0,0.0,0.0,0.014185799376094427,0.2348746758527298,-0.41719340973441565,-9.045411483303197e-05,-0.005218444498531215,-4.163929174097933e-05
260,1768672041.874738,Pose: tracking,-0.007876579649746418,0.8930206298828125,-1.4482483863830566,0.9933658242225647,0.7749427556991577,0.8790374398231506,-0.2641551774074784,-0.18729757212390127,0.30332074069326076,0.0992279500011497,0,0.17135017343459438,1.7554682613385064,-0.33236987384648964,0.0,0.0,0.0,0.014188213551750466,0.22328533326253885,-0.42286279836384705,-9.397049070150694e-05,-0.005441996764124819,-4.309104915151883e-05
265,1768672042.0503428,Pose: tracking,0.00997086986899376,1.440517544746399,-1.0177756547927856,0.993687629699707,0.6940965056419373,0.7550987005233765,0.009860817132885783,-0.5476265343973659,0.3821618329225669,-0.24748149020895283,0,-0.37130459619812867,2.08394465890364,-0.44068746805456827,0.0,0.0,0.0,0.014183152274866904,0.23302796463265088,-0.4247055168292242,-9.138462076352614e-05,-0.005297629822251496,-4.1590765985778387e-05
270,1768672042.2378829,Pose: tracking,0.027084173634648323,1.3427948951721191,-0.519132673740387,0.9942805767059326,0.5441480278968811,0.5606014728546143,0.13102843190928026,-0.939841003828025,0.6482328347570592,-0.551667566199592,0,-0.842017112811688,2.4412385893610207,-0.6270737469208171,0.0,0.0,0.0,0.014163810266440362,0.25108426020357844,-0.44180877698605225,-8.937655572133335e-05,-0.0051836466148851975,-4.0561837644915676e-05
275,1768672042.449507,Pose: tracking,0.02642463892698288,1.2406303882598877,-0.4720398187637329,0.989493727684021,0.40914228558540344,0.4299972951412201,-0.37241928955876075,-1.231024169888259,1.0022000916590188,-0.2032133743270481,0,-0.3586489253734205,2.789206801775501,-1.053854441856958,0.0,0.0,0.0,0.014147168403504674,0.27591446423691823,-0.5492569479663101,-8.219155182339315e-05,-0.004759649569801054,-3.634157393898691e-05
280,1768672042.664938,Pose: tracking,0.005804248619824648,1.4107388257980347,-0.3452179729938507,0.9885154962539673,0.3872299790382385,0.41631439328193665,-0.5850815730925321,-1.4396602701720218,0.9608865139448977,-0.6878085170841176,0,-0.819858050564218,2.5358410610662436,-1.0236253979081402,0.0,0.0,0.0,0.014136411955417786,0.2629389096454789,-0.6414579959071608,-8.44640959569603e-05,-0.004898300523486309,-3.712407139774687e-05
285,1768672042.871669,Pose: tracking,0.10766283422708511,0.49420979619026184,-0.5348399877548218,0.9823481440544128,0.5406926274299622,0.5103678107261658,0.3490209548385218,0.19098652425401,0.6422379461103214,-0.5175965934811737,0,-0.6140100056069517,1.3803045283726494,-0.7319250733664243,0.0,0.0,0.0,0.014122350327078592,0.21867780882275942,-0.7067977427029957,-8.891980732941028e-05,-0.005166059749378932,-3.905651035160857e-05
290,1768672043.042347,Pose: tracking,-0.0178466085344553,0.7257893681526184,-1.488718867301941,0.9801109433174133,0.6112716197967529,0.5890549421310425,0.5010242835634754,-0.26842838359407456,0.4627106862484296,-0.7761386931756944,0,-1.1370870952095462,1.8358122601182418,-0.5194784408784724,0.0,0.0,0.0,0.01409744970669536,0.21913871915700997,-0.6875033874102835,-9.352024437260124e-05,-0.005449612929989364,-4.256562273685218e-05
295,1768672043.2608159,Pose: tracking,0.12066857516765594,0.7190503478050232,-1.0594327449798584,0.9824654459953308,0.6882078647613525,0.5694727897644043,-0.8260858018342856,-1.930995978400924,1.195574131280335,0.22525726730137463,0,0.32823308068693857,0.9345128584563102,-1.7194784408784725,0.0,0.0,0.0,0.014095115546088855,0.18152077629437915,-0.8681671049680195,-6.22371349870091e-05,-0.003581162703925641,-2.5192810915172883e-05
300,1768672043.427257,Pose: tracking,-0.012275324203073978,1.0794118642807007,-1.4772239923477173,0.9853226542472839,0.6652035117149353,0.5542111992835999,0.06806656650724396,-0.6216243306135795,0.747979573645559,-0.5205952484159007,0,-0.6690130081183915,2.1635524906235286,-1.3194784408784725,0.0,0.0,0.0,0.0140896634082074,0.21908228041843042,-1.0386694765912021,-8.007172146429286e-05,-0.00465944755517404,-3.581009129309646e-05
305,1768672043.6073558,Pose: tracking,0.15404976904392242,0.7276090979576111,-1.5201137065887451,0.9877783060073853,0.6788516044616699,0.6362326145172119,-0.5586890527485429,-0.47167797520243454,0.591460050053978,0.5224400795269375,0,0.6457897964500022,2.0590182322039094,-0.6680430570111743,0.0,0.0,0.0,0.014079433897061965,0.24082534073665837,-1.0263633070548723,-8.568253870759744e-05,-0.004999026094463552,-3.955870520848227e-05
310,1768672043.792526,Pose: tracking,0.05486014112830162,0.8768540024757385,-0.8986625671386719,0.9877108335494995,0.6977522969245911,0.7090856432914734,0.20840966258702767,-0.24721767594149235,0.3619155928519149,-0.2869863251558633,0,-0.3992233082090662,1.8529982650769234,-0.4281728066053383,0.0,0.0,0.0,0.014081569548408609,0.23099209329117815,-0.9244057730102558,-8.150793093258844e-05,-0.004753075870634442,-3.79071717837195e-05
315,1768672043.958265,Pose: tracking,0.050604142248630524,0.7930244207382202,-1.5086467266082764,0.9887725114822388,0.7043871283531189,0.779369592666626,-0.5712894157581763,-0.4501300722249467,0.49750438742414715,0.39314799778999343,0,0.330045860362674,1.9933582714040092,-0.55183400838929,0.0,0.0,0.0,0.014071214337682568,0.23881822021141547,-0.8643645391334764,-7.353072142414092e-05,-0.004278370363278988,-3.3620315668973654e-05
320,1768672044.136471,Pose: tracking,0.08105532824993134,0.7394803166389465,-1.5159403085708618,0.9906356930732727,0.7751106023788452,0.8509765863418579,-0.5575437863389706,-0.40060652511145284,0.5468568826175164,0.36971104303239155,0,0.5524941582775684,1.9694244319437102,-0.5976026249763029,0.0,0.0,0.0,0.014080952051312616,0.2364271332083477,-0.8020895424685707,-7.013682321351146e-05,-0.004076391465183165,-3.179169594381722e-05
325,1768672044.313303,Pose: tracking,0.030444128438830376,0.8265876770019531,-1.6506760120391846,0.9888845086097717,0.7673609852790833,0.870856523513794,-0.5641860066047186,-0.5018497140163433,0.5142070723824923,0.3891409707501132,0,0.5499545168449225,2.0385559794486436,-0.5615638345423695,0.0,0.0,0.0,0.01408939795276033,0.23484570956559125,-0.7538033397729215,-7.05673147290276e-05,-0.004102202186688324,-3.17510541335763e-05
330,1768672044.489598,Pose: tracking,0.09313692897558212,1.13529634475708,-1.3025604486465454,0.9925313591957092,0.7169206738471985,0.7790114283561707,-0.15502803900259188,-0.510032363137864,0.6187255572375454,-0.04818233055811039,0,0.04132510303293807,2.081590431512893,-0.6665451718618882,0.0,0.0,0.0,0.014099324267340629,0.2439938332598667,-0.7352867147542766,-6.860184935164066e-05,-0.00398287301509914,-3.03940346129186e-05
335,1768672044.663434,Pose: tracking,0.11355261504650116,1.159119725227356,-1.5175399780273438,0.9946290254592896,0.6323969960212708,0.5511631965637207,0.014492741118069264,-0.4034534620380766,0.44727337927047905,-0.10288601922576279,0,-0.06943723892725959,2.0118345540228644,-0.512911043016711,0.0,0.0,0.0,0.014097627083950768,0.24522599098838374,-0.7050270748697817,-7.229179692773165e-05,-0.00420143704509972,-3.201109858293631e-05
340,1768672044.838778,Pose: tracking,0.024451440200209618,1.4344520568847656,-1.2023112773895264,0.9958043098449707,0.6036624312400818,0.400444358587265,-0.41846612667416144,-0.8935142922647114,0.4525246262161966,0.1733887392703395,0,0.26929836483349745,2.3983468888180384,-0.47744396303450376,0.0,0.0,0.0,0.014098521621490221,0.2461980805427832,-0.654544189196488,-7.565483340908743e-05,-0.004403307897348933,-3.3832625655338204e-05
345,1768672045.0174751,Pose: tracking,0.01637364737689495,1.3227084875106812,-1.3804666996002197,0.9965193867683411,0.5991836190223694,0.31020551919937134,-0.26847206479553787,-0.5621551158971979,0.4007478360652823,0.05107032870322481,0,0.11548190968211362,2.1696456933117494,-0.452762223678735,0.0,0.0,0.0,0.014101706262771355,0.2527031465437975,-0.6155204696360657,-7.501210897798704e-05,-0.004360377553248433,-3.300375550598691e-05
350,1768672045.195749,Pose: holding,0.019523223862051964,1.323378086090088,-1.3395648002624512,0.9960559010505676,0.6031976342201233,0.2754613757133484,nan,nan,nan,nan,0,0.06855248180147404,2.050526577323489,-0.590565628160167,0.0,0.0,0.0,0.014102039404651117,0.2442378248019176,-0.6063376401704048,-7.38237408816942e-05,-0.004287458229539819,-3.206195558856092e-05
355,1768672045.375168,Pose: holding,0.02027827687561512,1.389312505722046,-1.2638986110687256,0.9964135885238647,0.6002508997917175,0.23634028434753418,nan,nan,nan,nan,0,0.06855248180147404,2.050526577323489,-0.590565628160167,0.0,0.0,0.0,0.014101490992957806,0.24181593391280756,-0.6061134036217346,-7.629317448364548e-05,-0.004434132290434043,-3.3247545972352244e-05
360,1768672045.550349,Pose: holding,0.08273895829916,1.1311213970184326,-1.3799784183502197,0.9965677857398987,0.5839135050773621,0.24727953970432281,nan,nan,nan,nan,0,0.06855248180147404,2.050526577323489,-0.590565628160167,0.0,0.0,0.0,0.014101028041986272,0.24140504435754256,-0.6059135193044219,-7.795568151023313e-05,-0.00453241443132278,-3.402862016140479e-05
365,1768672045.7278059,Pose: holding,0.00998513400554657,1.4728268384933472,-0.898777186870575,0.997113823890686,0.5989643335342407,0.2164561152458191,nan,nan,nan,nan,0,0.06855248180147404,2.050526577323489,-0.590565628160167,0.0,0.0,0.0,0.014100579863959581,0.24133525483132548,-0.6057528641318856,-7.917906418380485e-05,-0.004604601228040794,-3.460722328821321e-05
370,1768672045.900864,Pose: holding,0.02325608767569065,1.1814167499542236,-1.5801284313201904,0.9973519444465637,0.6200640797615051,0.19262202084064484,nan,nan,nan,nan,0,0.06855248180147404,2.050526577323489,-0.590565628160167,0.0,0.0,0.0,0.01410013412529481,0.24132335559384818,-0.6056263581498702,-8.009988630335207e-05,-0.004658876939989863,-3.505033137278486e-05
375,1768672046.0809731,Pose: holding,0.024100879207253456,1.2703737020492554,-1.4709182977676392,0.9948820471763611,0.5918868780136108,0.23460137844085693,nan,nan,nan,nan,0,0.06855248180147404,2.050526577323489,-0.590565628160167,0.0,0.0,0.0,0.014099688748047828,0.24132129446535783,-0.6055271757964409,-8.079661147992586e-05,-0.004699908418409096,-3.539224243536496e-05
380,1768672046.258265,Pose: holding,0.039146315306425095,1.1673437356948853,-1.5084140300750732,0.9957877397537231,0.6024516820907593,0.19819054007530212,nan,nan,nan,nan,0,0.06855248180147404,2.050526577323489,-0.590565628160167,0.0,0.0,0.0,0.014099243392979962,0.2413209145484405,-0.6054494892228756,-8.132443180305395e-05,-0.004730968158617843,-3.5656507722565554e-05
385,1768672046.433603,Pose: holding,-0.012627940624952316,1.387829303741455,-1.293146014213562,0.9964602589607239,0.6022555232048035,0.159474715590477,nan,nan,nan,nan,0,0.06855248180147404,2.050526577323489,-0.590565628160167,0.0,0.0,0.0,0.01409879801054493,0.24132082917765788,-0.605388652606331,-8.172443002224475e-05,-0.004754488512554208,-3.586083242554522e-05
390,1768672046.609201,Pose: holding,0.0015584917273372412,1.320325493812561,-1.4080795049667358,0.9952136874198914,0.5829246640205383,0.13815703988075256,nan,nan,nan,nan,0,0.06855248180147404,2.050526577323489,-0.590565628160167,0.0,0.0,0.0,0.014098352600748347,0.24132080106205764,-0.6053410138010457,-8.202760123732011e-05,-0.004772302692451246,-3.6018820319892004e-05
395,1768672046.786716,Pose: holding,0.019277263432741165,1.30331289768219,-1.610790729522705,0.9908643364906311,0.5459461212158203,0.1365150660276413,nan,nan,nan,nan,0,0.06855248180147404,2.050526577323489,-0.590565628160167,0.0,0.0,0.0,0.014097907167826447,0.24132078837414936,-0.6053037103965537,-8.225740306656662e-05,-0.004785796822677096,-3.614097556060844e-05
400,1768672046.9668312,Pose: holding,-0.02411712519824505,1.4851593971252441,-0.9511210918426514,0.9939773082733154,0.6338986158370972,0.11534592509269714,nan,nan,nan,nan,0,0.06855248180147404,2.050526577323489,-0.590565628160167,0.0,0.0,0.0,0.014097461718296272,0.2413207827895924,-0.6052745004189474,-8.243160234456959e-05,-0.0047960198148695125,-3.623541812696873e-05
405,1768672047.1442208,Pose: holding,-0.03288636729121208,1.5094412565231323,-1.0803024768829346,0.996113657951355,0.6931372284889221,0.08959788084030151,nan,nan,nan,nan,0,0.06855248180147404,2.050526577323489,-0.590565628160167,0.0,0.0,0.0,0.014097016256411953,0.24132078193221937,-0.6052516281144958,-8.25636590046873e-05,-0.004803765606347381,-3.630842681613817e-05
410,1768672047.351958,Pose: holding,-0.027359846979379654,1.5116827487945557,-0.9328506588935852,0.9973904490470886,0.7239850759506226,0.07146649807691574,nan,nan,nan,nan,0,0.06855248180147404,2.050526577323489,-0.590565628160167,0.0,0.0,0.0,0.014096570786550348,0.24132078464200304,-0.6052337185591803,-8.26637714388181e-05,-0.004809635221441221,-3.636485725184795e-05
415,1768672047.526415,Pose: holding,-0.01735270582139492,1.5296519994735718,-1.022817850112915,0.998001754283905,0.7184383869171143,0.05990386754274368,nan,nan,nan,nan,0,0.06855248180147404,2.050526577323489,-0.590565628160167,0.0,0.0,0.0,0.01409612531088196,0.24132079012767266,-0.6052196950738905,-8.273966763413734e-05,-0.004814083696181163,-3.64084647186268e-05
420,1768672047.704126,Pose: holding,-0.03740136697888374,1.5656882524490356,-0.9662972688674927,0.9981687068939209,0.7028107047080994,0.049554914236068726,nan,nan,nan,nan,0,0.06855248180147404,2.050526577323489,-0.590565628160167,0.0,0.0,0.0,0.014095679830770244,0.24132079778820703,-0.6052087145398836,-8.279720418718317e-05,-0.004817455575687154,-3.6442153676011655e-05
425,1768672047.887546,Pose: holding,-0.03613096848130226,1.5951001644134521,-1.1087843179702759,0.9985337257385254,0.6912428140640259,0.04258578270673752,nan,nan,nan,nan,0,0.06855248180147404,2.050526577323489,-0.590565628160167,0.0,0.0,0.0,0.014095234348870767,0.24132080715510038,-0.605200116740169,-8.284081993273183e-05,-0.004820011771812683,-3.646817064783704e-05
430,1768672048.061447,Pose: holding,-0.019979435950517654,1.6108407974243164,-1.14479660987854,0.998702883720398,0.684599757194519,0.04197636619210243,nan,nan,nan,nan,0,0.06855248180147404,2.050526577323489,-0.590565628160167,0.0,0.0,0.0,0.014094788866138871,0.2413208178610351,-0.605193384686827,-8.287387951254568e-05,-0.004821949886045959,-3.648825335183887e-05
435,1768672048.2384388,Pose: holding,-0.015447413548827171,1.5758755207061768,-1.2034355401992798,0.9985997676849365,0.6773853898048401,0.0468149408698082,nan,nan,nan,nan,0,0.06855248180147404,2.050526577323489,-0.590565628160167,0.0,0.0,0.0,0.014094343383759781,0.24132082961776685,-0.6051881135523556,-8.289893360161418e-05,-0.004823419589070943,-3.650374600237435e-05
440,1768672048.40868,Pose: holding,-0.026450898498296738,1.5535433292388916,-1.072039246559143,0.9980857372283936,0.6565776467323303,0.044718727469444275,nan,nan,nan,nan,0,0.06855248180147404,2.050526577323489,-0.590565628160167,0.0,0.0,0.0,0.014093897902513577,0.24132084219905475,-0.6051839863393722,-8.291791603364555e-05,-0.0048245342604832505,-3.6515688466950345e-05
445,1768672048.5883431,Pose: holding,-0.03441915288567543,1.5733319520950317,-1.0522714853286743,0.9981067776679993,0.6598029732704163,0.04243664816021919,nan,nan,nan,nan,0,0.06855248180147404,2.050526577323489,-0.590565628160167,0.0,0.0,0.0,0.014093452422593742,0.24132085542726472,-0.6051807548274378,-8.293229314225584e-05,-0.004825379798910225,-3.652488521006007e-05
450,1768672048.767292,Pose: holding,-0.02642383985221386,1.5742677450180054,-1.1712278127670288,0.9982591867446899,0.6632869243621826,0.041596829891204834,nan,nan,nan,nan,0,0.06855248180147404,2.050526577323489,-0.590565628160167,0.0,0.0,0.0,0.014093006946554633,0.24132086916300718,-0.6051782246525957,-8.294317689993422e-05,-0.004826021291053702,-3.65319586063003e-05
455,1768672048.980174,Pose: holding,-0.02144872024655342,1.5782510042190552,-1.2204309701919556,0.9981451630592346,0.6481916904449463,0.03960186243057251,nan,nan,nan,nan,0,0.06855248180147404,2.050526577323489,-0.590565628160167,0.0,0.0,0.0,0.014092561472360996,0.2413208832968772,-0.6051762436233536,-8.295141065636059e-05,-0.004826508060498524,-3.6537390174625505e-05
460,1768672049.156456,Pose: holding,-0.007345560006797314,1.588362693786621,-1.2110668420791626,0.9981059432029724,0.6489294171333313,0.043770112097263336,nan,nan,nan,nan,0,0.06855248180147404,2.050526577323489,-0.590565628160167,0.0,0.0,0.0,0.014092116001524704,0.24132089774305238,-0.6051746925711736,-8.295763410018889e-05,-0.0048268774903124576,-3.654155246604048e-05
465,1768672049.3751,Pose: holding,-0.004989383742213249,1.597713828086853,-1.2320611476898193,0.9981964826583862,0.6508237719535828,0.046558380126953125,nan,nan,nan,nan,0,0.06855248180147404,2.050526577323489,-0.590565628160167,0.0,0.0,0.0,0.014091670534552415,0.24132091243417003,-0.6051734781857651,-8.296233250072735e-05,-0.004827157917559999,-3.6544733730353054e-05
470,1768672049.5483992,Pose: holding,-0.012750393711030483,1.595989465713501,-1.3276714086532593,0.9980820417404175,0.6612161993980408,0.05103807896375656,nan,nan,nan,nan,0,0.06855248180147404,2.050526577323489,-0.590565628160167,0.0,0.0,0.0,0.014091225070638272,0.24132092731736243,-0.6051725274046674,-8.296587402691141e-05,-0.0048273708252978215,-3.654715699485182e-05
475,1768672049.727969,Pose: holding,-0.0062094139866530895,1.6071152687072754,-1.2481952905654907,0.998325765132904,0.6797568202018738,0.061212245374917984,nan,nan,nan,nan,0,0.06855248180147404,2.050526577323489,-0.590565628160167,0.0,0.0,0.0,0.01409077961040408,0.2413209423512051,-0.6051717830199836,-8.296853803356012e-05,-0.0048275325027459775,-3.654899482155919e-05
480,1768672049.898819,Pose: holding,-0.019330669194459915,1.585159420967102,-1.244698405265808,0.9984681010246277,0.6768097281455994,0.06069153547286987,nan,nan,nan,nan,0,0.06855248180147404,2.050526577323489,-0.590565628160167,0.0,0.0,0.0,0.014090334154968747,0.24132095750314325,-0.6051712002382411,-8.29705365129557e-05,-0.004827655302814499,-3.655038072567576e-05
485,1768672050.073676,Pose: holding,-0.012369506992399693,1.5430601835250854,-1.2926278114318848,0.9983882904052734,0.6743202805519104,0.06160406768321991,nan,nan,nan,nan,0,0.06855248180147404,2.050526577323489,-0.590565628160167,0.0,0.0,0.0,0.014089888703095875,0.24132097274767014,-0.6051707439866271,-8.297203035337708e-05,-0.004827748594753085,-3.655141800741073e-05
490,1768672050.2898402,Pose: holding,-0.006888546049594879,1.6192256212234497,-1.2077869176864624,0.9986216425895691,0.6734280586242676,0.05843881517648697,nan,nan,nan,nan,0,0.06855248180147404,2.050526577323489,-0.590565628160167,0.0,0.0,0.0,0.01408944325513265,0.24132098806478391,-0.6051703868036735,-8.297314167065842e-05,-0.0048278194859274004,-3.65521865856967e-05
495,1768672050.4637198,Pose: holding,-1.0625360118865501e-05,1.5104039907455444,-1.4225075244903564,0.9977365136146545,0.6520306468009949,0.0664578378200531,nan,nan,nan,nan,0,0.06855248180147404,2.050526577323489,-0.590565628160167,0.0,0.0,0.0,0.014088997811449264,0.24132100343878574,-0.6051701071876096,-8.297396316025992e-05,-0.004827873368744863,-3.6552748285687175e-05
500,1768672050.6385741,Pose: holding,-0.01500004343688488,1.598747730255127,-1.2802964448928833,0.9981549382209778,0.6564112901687622,0.0632450059056282,nan,nan,nan,nan,0,0.06855248180147404,2.050526577323489,-0.590565628160167,0.0,0.0,0.0,0.014088552371721956,0.24132101885738075,-0.6051698883030837,-8.297456519047618e-05,-0.004827914335140815,-3.6553150929910646e-05
505,1768672050.829876,Pose: holding,-0.018902374431490898,1.5959752798080444,-1.2777659893035889,0.9981194734573364,0.6547404527664185,0.06924013048410416,nan,nan,nan,nan,0,0.06855248180147404,2.050526577323489,-0.590565628160167,0.0,0.0,0.0,0.014088106936204362,0.24132103431091087,-0.605169716968511,-8.297500118246813e-05,-0.004827945490738219,-3.655343150394183e-05
